[{"id":1,"company":"Photobug","sector":"Consumer Services","stockSymbol":"SIRI","address":"288 Stuart Hill","location":{"latitude":38.2956138,"longitude":140.9969841},"fees":{"amount":"28127.70","currency":"GBP"}},
{"id":2,"company":"Quaxo","sector":"Consumer Services","stockSymbol":"VLGEA","address":"3 Kenwood Place","location":{"latitude":31.76,"longitude":-106.49},"fees":{"amount":"20007.09","currency":"GBP"}},
{"id":3,"company":"Kayveo","sector":"Consumer Durables","stockSymbol":"RUSHB","address":"37540 Armistice Court","location":{"latitude":2.9374756,"longitude":101.7048008},"fees":{"amount":"15836.64","currency":"GBP"}},
{"id":4,"company":"Livetube","sector":"Capital Goods","stockSymbol":"LEA","address":"08281 Division Center","location":{"latitude":-13.2513786,"longitude":-43.4112394},"fees":{"amount":"46229.55","currency":"GBP"}},
{"id":5,"company":"Reallinks","sector":"Finance","stockSymbol":"FAC","address":"7156 Everett Avenue","location":{"latitude":-27.01139,"longitude":-49.5483671},"fees":{"amount":"31721.62","currency":"GBP"}},
{"id":6,"company":"Skinder","sector":"Health Care","stockSymbol":"ALQA","address":"2520 Forest Run Plaza","location":{"latitude":-8.2211,"longitude":113.2577},"fees":{"amount":"41574.23","currency":"GBP"}},
{"id":7,"company":"Eimbee","sector":"Capital Goods","stockSymbol":"CXDC","address":"78 Utah Center","location":{"latitude":-18.7942434,"longitude":-67.0464591},"fees":{"amount":"51528.88","currency":"GBP"}},
{"id":8,"company":"Yamia","sector":"Consumer Services","stockSymbol":"LILA","address":"97044 Jana Point","location":{"latitude":29.514498,"longitude":110.840021},"fees":{"amount":"10629.75","currency":"GBP"}},
{"id":9,"company":"Skinte","sector":"Consumer Services","stockSymbol":"CHSP","address":"37 Onsgard Way","location":{"latitude":11.5471456,"longitude":4.9656113},"fees":{"amount":"36332.99","currency":"GBP"}},
{"id":10,"company":"Flashpoint","sector":"Health Care","stockSymbol":"MYOV","address":"2 Holy Cross Crossing","location":{"latitude":43.5162166,"longitude":-5.664252},"fees":{"amount":"21643.24","currency":"GBP"}},
{"id":11,"company":"Meetz","sector":"Consumer Durables","stockSymbol":"AVY","address":"19 Anhalt Place","location":{"latitude":34.016449,"longitude":64.5266446},"fees":{"amount":"45877.30","currency":"GBP"}},
{"id":12,"company":"Meemm","sector":"Energy","stockSymbol":"EXXI","address":"9007 Brown Center","location":{"latitude":13.8156076,"longitude":102.6675575},"fees":{"amount":"45613.99","currency":"GBP"}},
{"id":13,"company":"Oyonder","sector":"Health Care","stockSymbol":"GRFS","address":"43 Saint Paul Drive","location":{"latitude":-8.0433348,"longitude":113.0762954},"fees":{"amount":"28082.28","currency":"GBP"}},
{"id":14,"company":"Voonder","sector":"Health Care","stockSymbol":"CHE","address":"832 Miller Hill","location":{"latitude":39.9475,"longitude":127.87111},"fees":{"amount":"35226.27","currency":"GBP"}},
{"id":15,"company":"Trudeo","sector":"n/a","stockSymbol":"JE^A","address":"03 Nelson Street","location":{"latitude":49.5936213,"longitude":13.1013031},"fees":{"amount":"57202.63","currency":"GBP"}},
{"id":16,"company":"Dabtype","sector":"Finance","stockSymbol":"XRF","address":"601 Pond Terrace","location":{"latitude":49.0401779,"longitude":23.5129163},"fees":{"amount":"56551.48","currency":"GBP"}},
{"id":17,"company":"Bubblebox","sector":"n/a","stockSymbol":"LALT","address":"43647 Texas Pass","location":{"latitude":-34.6234902,"longitude":-58.4955016},"fees":{"amount":"42739.59","currency":"GBP"}},
{"id":18,"company":"Edgeify","sector":"n/a","stockSymbol":"CFBI","address":"7995 Meadow Ridge Road","location":{"latitude":-2.2728607,"longitude":115.5917918},"fees":{"amount":"46846.95","currency":"GBP"}},
{"id":19,"company":"Quatz","sector":"n/a","stockSymbol":"FGB","address":"1 Elgar Circle","location":{"latitude":50.3055387,"longitude":18.7871344},"fees":{"amount":"38280.34","currency":"GBP"}},
{"id":20,"company":"Myworks","sector":"Technology","stockSymbol":"STX","address":"68 Comanche Alley","location":{"latitude":-8.8315362,"longitude":115.1264522},"fees":{"amount":"60305.80","currency":"GBP"}}]
